"System Blocks"					
"Identifier"	"Name"	"Type"	"Description"		
					
					
					
					
					
					
					
					
					
					
					
					
					
					
"Matrix"					
"Identifier"	"x"	"y"	"...Identifier"		
					
					
					
					
					
					
					
					
					
					
					
					
					
					
					
					
"Edge Mapping"					
"Identifier"	"Description"	"Subtitle"	"startAnchor"	"endAnchor"	
					
					
					
					
					
					
					
					
					
					
					
					
					
					
					
					
					
"UML"					
"Source File"					
"Instance/Class"	"Method"	"Input(s)"	"Output Type"	"Output(s)"	"Description"
